nome,CPF,dataNascimento
Lavínia Costela,222.024.950-61,23/01/1950
Srta. Clarice da Rosa,584.171.253-53,29/08/1988
Ana Vitória Dias,773.192.224-34,21/05/2000
Amanda Vieira,203.550.795-26,28/10/1980
Clara Caldeira,726.168.733-20,09/07/1958
Emanuelly Cunha,546.661.947-70,19/10/1994
João Miguel da Mota,169.450.698-34,28/08/1945
Lavínia Santos,257.166.177-94,16/12/1960
Isadora Nunes,382.510.929-14,28/02/1960
Maria Sophia Martins,354.175.310-22,26/01/1992
Ana Laura Araújo,443.808.054-17,18/07/1963
Yuri Novaes,391.143.237-29,09/04/1996
Melissa Farias,032.594.356-70,22/08/1946
Caio Cardoso,489.020.521-76,21/06/1995
Dr. Enzo Gabriel Rocha,447.994.367-67,17/11/1987
Sra. Esther Martins,895.916.460-70,24/09/1983
Lara Souza,655.608.864-16,25/05/1971
Gabriel da Cunha,353.992.956-87,23/06/1980
Sr. Luiz Henrique Nascimento,430.187.006-78,05/02/1992
Dra. Vitória Peixoto,287.389.356-78,06/04/1959
Maria Cecília da Conceição,664.442.816-95,29/04/1956
Srta. Rebeca Ferreira,124.208.648-08,30/08/1945
Maria Cecília da Cunha,818.894.387-82,21/09/2001
Laura Barbosa,978.965.857-58,08/08/1981
Marcelo Campos,450.368.464-78,06/07/1952
Luiz Miguel Vieira,411.175.943-27,08/03/1962
Dr. João Pedro Campos,555.919.306-20,15/07/1993
Camila Nascimento,290.224.669-22,13/07/1992
Enzo da Cruz,020.296.591-00,19/10/1975
Mariane Cardoso,353.655.167-02,09/01/1994
Vinicius Oliveira,844.989.382-83,17/08/1962
Luiz Felipe Caldeira,427.794.765-40,20/12/1960
Dr. Lucas Fernandes,373.276.337-40,18/06/1951
Emanuella Farias,727.722.381-05,22/08/1950
Caroline Nascimento,817.339.602-79,27/06/1986
Pedro Vieira,466.649.567-30,28/11/1970
Bárbara Alves,374.548.299-96,05/03/1946
Yago da Mota,458.121.101-82,19/06/2003
Diego Barros,564.239.214-07,30/12/1957
Marina Silveira,592.345.641-97,01/02/1975
Luiz Otávio Nunes,316.457.182-80,30/04/1966
Juan Porto,718.593.993-39,12/10/1980
Daniel Melo,203.206.597-55,21/05/1992
Vitória Cardoso,682.866.034-00,27/06/1967
Giovanna Pires,277.788.396-36,30/09/2001
Maria Vitória Gomes,433.804.228-19,25/06/1947
Maitê da Mota,172.710.138-30,12/02/1986
Sra. Stephany Porto,644.779.035-37,12/05/1948
Joana Santos,143.541.118-88,15/07/1999
João Fogaça,516.945.821-59,27/07/1948
Sr. Thales Aragão,431.092.031-46,24/11/1953
Eloah Jesus,592.724.604-41,19/06/1997
Sr. Benício Silva,437.151.283-64,27/04/1971
Sr. Rafael Santos,705.202.122-66,19/06/2004
Dr. Kevin Martins,064.364.874-76,27/05/1993
Maria Luiza Cavalcanti,079.484.353-01,15/03/1970
Lavínia Viana,871.277.672-62,13/10/1960
Dra. Lara Carvalho,803.052.812-40,07/08/1945
Elisa Nogueira,588.299.019-03,07/11/1997
Ana Laura da Costa,605.259.931-69,13/02/1996
Joaquim da Mota,772.599.287-19,26/10/1986
João Pedro Sales,430.011.759-40,22/01/1969
Srta. Olivia Viana,495.516.102-29,17/09/1952
Antônio Lopes,535.037.972-03,17/02/2001
Lucas Pereira,030.729.159-62,20/08/2002
Luna Correia,212.693.123-40,30/12/1956
Miguel Moura,424.988.870-32,02/07/1983
Manuela Rocha,792.109.514-33,28/09/1945
Fernanda da Conceição,031.377.334-30,07/03/1964
Vitor Correia,088.080.117-47,07/09/1957
Ana Julia Moraes,800.407.205-43,05/06/1993
Antônio Nascimento,386.327.075-40,10/01/1976
Dra. Luiza da Mota,348.019.670-51,28/11/1977
Ana Luiza Teixeira,253.981.623-14,25/06/1977
Sr. Emanuel Melo,294.458.723-47,12/02/1946
Carlos Eduardo Carvalho,393.385.223-42,20/12/1954
Dr. Nicolas Martins,685.780.507-54,12/05/1946
Mariane Pires,798.523.892-11,10/02/1999
Pedro Moura,416.604.269-60,13/06/2006
Dr. Breno Cunha,923.793.149-26,26/09/1994
Raul Vieira,837.693.055-90,11/05/1975
Milena Cardoso,407.231.973-26,21/06/1962
Juliana Rocha,063.474.303-12,16/04/1958
Luiz Felipe Araújo,683.189.669-37,13/02/1963
Stella Mendes,014.958.053-36,07/04/1976
Yasmin Martins,824.406.302-50,05/07/1990
Laura Costela,265.522.047-10,22/06/1949
Thomas Jesus,607.054.306-85,29/06/1978
Clara Moraes,029.722.307-01,12/09/1960
Sr. Pietro Carvalho,973.318.349-08,21/01/1976
Helena Pinto,567.337.571-92,11/03/1967
Enrico Pinto,501.376.293-62,23/01/1971
Ana Julia Cardoso,928.902.777-04,28/06/1990
Laís Caldeira,605.513.013-09,11/10/1970
Dra. Ana Carolina Araújo,886.069.000-52,28/03/1978
Dra. Amanda Lopes,413.328.959-56,10/03/1995
Clara Ribeiro,664.475.732-47,25/08/1964
Natália da Conceição,344.359.356-94,01/12/1992
Maria Cecília Gonçalves,106.028.632-79,18/05/1963
Davi Luiz Teixeira,352.321.786-52,18/02/1974
Pedro Lopes,121.075.839-35,09/10/2006